epoch,time,train/box_loss,train/cls_loss,train/dfl_loss,train/angle_loss,metrics/precision(B),metrics/recall(B),metrics/mAP50(B),metrics/mAP50-95(B),val/box_loss,val/cls_loss,val/dfl_loss,val/angle_loss,lr/pg0,lr/pg1,lr/pg2
1,22.5249,1.47853,4.73611,0.0495,0.05505,0.19329,0.09104,0.09855,0.04688,0.92924,10.1312,0.03821,0.01971,0.00016,0.00016,0.00016
2,44.6346,1.28371,4.33871,0.04942,0.05724,0.39175,0.48101,0.38088,0.28396,0.67254,8.76058,0.02967,0.00824,0.000338878,0.000338878,0.000338878
3,66.8634,1.04268,4.04384,0.04488,0.05949,0.40587,0.65823,0.44995,0.33522,0.76599,8.24411,0.03732,0.00747,0.000516568,0.000516568,0.000516568
